source,author,title,description,url,urlToImage,publishedAt,content
"{'id': None, 'name': '9to5Mac'}",Seth Kurkowski,"9to5Mac Daily: August 2, 2024 – AAPL Q3 2024 earnings","On today’s episode of 9to5Mac Daily, we discuss Apple reporting record Q3 2024 earnings. We also cover Apple’s motion to dismiss the DOJ antitrust lawsuit, citing harm to innovation and user experience. Additionally, we highlight the corroborated reports of a…",https://9to5mac.com/2024/08/02/daily-august-2-2024/,https://i0.wp.com/9to5mac.com/wp-content/uploads/sites/6/2021/12/9to5Mac-Daily-art-lead.jpg?resize=1200%2C628&quality=82&strip=all&ssl=1,2024-08-02T17:47:27Z,"On todays episode of 9to5Mac Daily, we discuss Apple reporting record Q3 2024 earnings. We also cover Apples motion to dismiss the DOJ antitrust lawsuit, citing harm to innovation and user experience… [+1233 chars]"
"{'id': None, 'name': '9to5Mac'}",Ben Lovejoy,Analysts expect modest growth in today’s AAPL Q3 2024 earnings report,"AAPL Q3 2024 earnings will be revealed by the company later today, and Wall Street expects the company to report modest year-on-year sales growth of 2.3%.



As is now standard, Apple didn’t offer any official revenue guidance for the quarter, but it did reve…",https://9to5mac.com/2024/08/01/analysts-aapl-q3-2024-earnings/,https://i0.wp.com/9to5mac.com/wp-content/uploads/sites/6/2024/08/Analysts-expect-modest-growth-in-todays-AAPL-Q3-2024-earnings.jpg?resize=1200%2C628&quality=82&strip=all&ssl=1,2024-08-01T11:14:44Z,"AAPL Q3 2024 earnings will be revealed by the company later today, and Wall Street expects the company to report modest year-on-year sales growth of 2.3%.
As is now standard, Apple didn’t offer any … [+1855 chars]"
"{'id': None, 'name': 'AppleInsider'}",news@appleinsider.com (William Gallagher),TD Cowen raises AAPL target to $250 on AI and China sales,"Investment analyst firm TD Cowen predicts that Apple Intelligence will bring a modest boost to the iPhone 16 range, but be much more significant in 2025, by when China sales are expected to have returned to growth.Render of the iPhone 16 rangeAhead of Apple's…",https://appleinsider.com/articles/24/07/29/td-cowen-raises-aapl-target-to-250-on-ai-and-china-sales,https://photos5.appleinsider.com/gallery/60517-124499-000-iPhone-16-render-xl.jpg,2024-07-29T11:01:32Z,"Render of the iPhone 16 range
Investment analyst firm TD Cowen predicts that Apple Intelligence will bring a modest boost to the iPhone 16 range, but be much more significant in 2025, by when China … [+2098 chars]"
"{'id': None, 'name': 'ReadWrite'}",Sam Shedden,Apple (APPL) Third Quarter Earnings: When is it and what can we expect?,"Apple will report its third-quarter earnings for the fiscal year this week and investors will be the world’s most valuable… Continue reading Apple (APPL) Third Quarter Earnings: When is it and what can we expect?
The post Apple (APPL) Third Quarter Earnings: …",https://readwrite.com/apple-appl-third-quarter-earnings-when-is-it-and-what-can-we-expect/,https://readwrite.com/wp-content/uploads/2024/07/a-striking-and-bold-poster-illustrating-the-iconic-25uYkVNoSrGAP625GJfKRw-WQbVnk33TPmYJozZ7VpV6g.jpeg,2024-07-31T10:52:08Z,"Apple will report its third-quarter earnings for the fiscal year this week and investors will be the world’s most valuable company results closely.
The iPhone maker and technology powerhouse recentl… [+2159 chars]"
"{'id': None, 'name': '9to5Mac'}",Michael Burkhardt,Warren Buffett sells nearly half of Berkshire’s stake in Apple,"According to filings published today, Warren Buffett’s Berkshire Hathaway sold nearly 50% of its stake in Apple during the second quarter of 2024, after the firm already trimmed their stake by around 13% in the first quarter. Berkshire Hathaway has been rapid…",https://9to5mac.com/2024/08/03/warren-buffet-aapl-sell/,https://i0.wp.com/9to5mac.com/wp-content/uploads/sites/6/2023/04/Warren-Buffett-AAPL.jpg?resize=1200%2C628&quality=82&strip=all&ssl=1,2024-08-03T14:57:25Z,"According to filings published today, Warren Buffett’s Berkshire Hathaway sold nearly 50% of its stake in Apple during the second quarter of 2024, after the firm already trimmed their stake by around… [+1491 chars]"
"{'id': None, 'name': '9to5Mac'}",Chance Miller,Apple reports record Q3 2024 earnings with $85.78 billion in revenue,"Apple has revealed its full earnings report for the fiscal third quarter of 2024. The company reported $85.78 billion in revenue during the three-month period, covering April, May, and June. Net profit for the quarter came in at $21.45 billion, and earnings-p…",https://9to5mac.com/2024/08/01/aapl-q3-2024-earnings-report/,https://i0.wp.com/9to5mac.com/wp-content/uploads/sites/6/2024/02/apple-earnings.jpg?resize=1200%2C628&quality=82&strip=all&ssl=1,2024-08-01T20:34:59Z,"Apple has revealed its full earnings report for the fiscal third quarter of 2024. The company reported $85.78 billion in revenue during the three-month period, covering April, May, and June. Net prof… [+2868 chars]"
"{'id': None, 'name': '9to5Mac'}",Filipe Espósito,Tim Cook says Apple is spending more to get Apple Intelligence ready for launch this fall,"Apple on Thursday announced the results of its third fiscal quarter of 2024, with $85.78 billion in revenue from April to June. The company’s sales grew by 5%, and it seems that its executives have high expectations for the future. That’s because Apple CEO Ti…",https://9to5mac.com/2024/08/01/tim-cook-spending-more-apple-intelligence/,https://i0.wp.com/9to5mac.com/wp-content/uploads/sites/6/2024/08/tim-cook-event-stage.jpg?resize=1200%2C628&quality=82&strip=all&ssl=1,2024-08-01T21:25:43Z,"Apple on Thursday announced the results of its third fiscal quarter of 2024, with $85.78 billion in revenue from April to June. The company’s sales grew by 5%, and it seems that its executives have h… [+1788 chars]"
"{'id': None, 'name': 'Biztoc.com'}",247wallst.com,Did the iPad Save Apple? No,"24/7 Wall St. Insights
Apple Inc. (NASDAQ: AAPL) posted mediocre results for its latest quarter.
The iPad made only a very modest contribution to that showing.
Also: Discover the next Nvidia.
Headlines claimed that the mediocre results from Apple Inc. (NASDAQ…",https://biztoc.com/x/8050cefa1747d2d0,https://biztoc.com/cdn/800/og.png,2024-08-02T11:46:27Z,24/7 Wall St. InsightsApple Inc. (NASDAQ: AAPL) posted mediocre results for its latest quarter.The iPad made only a very modest contribution to that showing.Also: Discover the next Nvidia.Headlines c… [+132 chars]
"{'id': None, 'name': 'Biztoc.com'}",thestreet.com,Steve Jobs net worth: How rich could he have been?,"In 1997, Apple ( (AAPL) ) launched its “Think Different” advertising campaign, celebrating the misfits, rebels, and revolutionaries whose unique ideas changed the world. 
The popular campaign, which sparked Apple’s massive, multi-billion-dollar turnaround, fe…",https://biztoc.com/x/9d23642550b9b725,https://biztoc.com/cdn/9d23642550b9b725_s.webp,2024-07-13T23:35:42Z,"In 1997, Apple ( (AAPL) ) launched its Think Different advertising campaign, celebrating the misfits, rebels, and revolutionaries whose unique ideas changed the world. The popular campaign, which spa… [+135 chars]"
"{'id': None, 'name': 'Biztoc.com'}",benzinga.com,"Market Clubhouse Morning Memo - July 31st, 2024 (Trade Strategy For SPY, QQQ, AAPL, MSFT, NVDA, GOOGL, META And TSLA)","Good Morning Traders! In today's Market Clubhouse Morning Memo, we will discuss SPY, QQQ, AAPL, MSFT, NVDA, GOOGL, META, and TSLA.
Our proprietary formula, exclusive to Market Clubhouse, dictates these price levels. This dynamic equation takes into account pr…",https://biztoc.com/x/b5e3390e748203cd,https://biztoc.com/cdn/b5e3390e748203cd_s.webp,2024-07-31T14:23:54Z,"Good Morning Traders! In today's Market Clubhouse Morning Memo, we will discuss SPY, QQQ, AAPL, MSFT, NVDA, GOOGL, META, and TSLA.Our proprietary formula, exclusive to Market Clubhouse, dictates thes… [+132 chars]"
"{'id': None, 'name': 'Biztoc.com'}",benzinga.com,"Market Clubhouse Morning Memo - August 2nd, 2024 (Trade Strategy For SPY, QQQ, AAPL, MSFT, NVDA, GOOGL, META And TSLA)","Good Morning Traders! In today's Market Clubhouse Morning Memo, we will discuss SPY, QQQ, AAPL, MSFT, NVDA, GOOGL, META, and TSLA.
Our proprietary formula, exclusive to Market Clubhouse, dictates these price levels. This dynamic equation takes into account pr…",https://biztoc.com/x/939a52643ec1165f,https://biztoc.com/cdn/939a52643ec1165f_s.webp,2024-08-02T14:41:10Z,"Good Morning Traders! In today's Market Clubhouse Morning Memo, we will discuss SPY, QQQ, AAPL, MSFT, NVDA, GOOGL, META, and TSLA.Our proprietary formula, exclusive to Market Clubhouse, dictates thes… [+132 chars]"
"{'id': None, 'name': 'MacRumors'}",Joe Rossignol,What to Expect From Apple's Quarterly Earnings Report This Week,"Apple will report its earnings results for the third quarter of its 2024 fiscal year on Thursday, August 1 at 1:30 p.m. Pacific Time. Apple's CEO Tim Cook and CFO Luca Maestri will discuss the results on a conference call with analysts a half hour later.




…",https://www.macrumors.com/2024/07/31/apple-q3-2024-earnings-preview/,https://images.macrumors.com/t/eYJJyBaGwCiXj8yz7DMeIZuLQ6o=/2500x/article-new/2024/05/Apple-iPad-Air-and-iPad-Pro-11-inch-and-13-inch-Feature-1.jpg,2024-07-31T15:38:58Z,"Apple will report its earnings results for the third quarter of its 2024 fiscal year on Thursday, August 1 at 1:30 p.m. Pacific Time. Apple's CEO Tim Cook and CFO Luca Maestri will discuss the result… [+1848 chars]"
"{'id': None, 'name': 'Biztoc.com'}",fool.com,Prediction: 3 Stocks That Will Be Worth More Than Apple 3 Years From Now,"Apple (AAPL 1.30%) recently became the world's most valuable company again with a market cap of $3.57 billion. Its stock rallied more than 60% over the past three years, even as iPhone sales cooled off amid tougher macro and competitive headwinds.
From fiscal…",https://biztoc.com/x/8435a80958abcf93,https://biztoc.com/cdn/799/og.png,2024-07-14T23:38:09Z,"Apple (AAPL 1.30%) recently became the world's most valuable company again with a market cap of $3.57 billion. Its stock rallied more than 60% over the past three years, even as iPhone sales cooled o… [+132 chars]"
"{'id': None, 'name': 'Biztoc.com'}",thestreet.com,"Apple earnings top forecasts, iPhone sales slip ahead of AI launch","Apple posted stronger-than-expected third quarter earnings Thursday as the tech giant prepares to launch a host of AI-theme initiatives heading into the release of its iPhone 16 later this fall. 
Apple (AAPL) said earnings for the three months ending in June,…",https://biztoc.com/x/d51b06bb0a9bde59,https://biztoc.com/cdn/d51b06bb0a9bde59_s.webp,2024-08-01T21:01:36Z,Apple posted stronger-than-expected third quarter earnings Thursday as the tech giant prepares to launch a host of AI-theme initiatives heading into the release of its iPhone 16 later this fall. Appl… [+135 chars]
"{'id': None, 'name': 'Forbes'}","Trefis Team, Contributor, 
 Trefis Team, Contributor
 https://www.forbes.com/sites/greatspeculations/people/trefis/",Will Apple’s Q3 Results Get An AI Bump?,"Apple is expected to publish its Q3 FY’24 results on August 1, reporting on a quarter that is likely to see the company’s business improve, driven by higher Mac, services",https://www.forbes.com/sites/greatspeculations/2024/07/22/will-apples-q3-results-get-an-ai-bump/,https://imageio.forbes.com/specials-images/imageserve/669db59a8a8661184a167d96/0x0.jpg?format=jpg&height=900&width=1600&fit=bounds,2024-07-22T10:30:00Z,"Customers are shopping for the iPhone 15 at the flagship store of Apple Smart Products on Nanjing ... [+] Road Pedestrian Street in Shanghai, China, on May 24, 2024. (Photo by Costfoto/NurPhoto via G… [+5109 chars]"
"{'id': None, 'name': 'Yahoo Entertainment'}",,Apple (AAPL) Traded Higher After Its AI Strategy Announcement,,https://consent.yahoo.com/v2/collectConsent?sessionId=1_cc-session_3fc3dd01-e8cd-413e-bf1d-89d54eaf9a92,,2024-07-18T06:19:41Z,"If you click 'Accept all', we and our partners, including 236 who are part of the IAB Transparency &amp; Consent Framework, will also store and/or access information on a device (in other words, use … [+678 chars]"
"{'id': None, 'name': 'Yahoo Entertainment'}",,Apple (AAPL) Re-Emerged as a Top Performer in Q2,,https://consent.yahoo.com/v2/collectConsent?sessionId=1_cc-session_b6696a69-3d0f-4bec-abd7-58a4954aacf4,,2024-07-22T07:28:59Z,"If you click 'Accept all', we and our partners, including 236 who are part of the IAB Transparency &amp; Consent Framework, will also store and/or access information on a device (in other words, use … [+678 chars]"
"{'id': None, 'name': 'Yahoo Entertainment'}",Nivedita Hazra,"After iPhone Success, Apple Wants To Revive Its 'Make In India' Plans For iPads And AirPod Cases: Report","This story was first published on the Benzinga India portal. Apple (NASDAQ: AAPL) is reportedly reconsidering plans to manufacture iPads in India, driven by ...",https://finance.yahoo.com/news/iphone-success-apple-wants-revive-094159326.html,https://media.zenfs.com/en/Benzinga/a7c04f5b1a3a1d663bc7b2ae9d55f9e2,2024-07-08T09:41:59Z,"After iPhone Success, Apple Wants To Revive Its 'Make In India' Plans For iPads And AirPod Cases: Report
This story was first published on the Benzinga India portal.
Apple (NASDAQ: AAPL) is reporte… [+2798 chars]"
"{'id': None, 'name': 'Forbes'}","Bill Stone, Contributor, 
 Bill Stone, Contributor
 https://www.forbes.com/sites/bill_stone/",Rotation To Small-Cap From Tech Stocks Continues,"Earnings season kicks off its busiest week, with four Magnificent 7 technology stocks. In addition, the Fed meeting and the monthly jobs report provide crucial data.",https://www.forbes.com/sites/bill_stone/2024/07/28/rotation-to-small-cap-from-tech-stocks-continues/,https://imageio.forbes.com/specials-images/imageserve/66a432d45bdb24cf964b0fd8/0x0.jpg?format=jpg&height=900&width=1600&fit=bounds,2024-07-28T09:22:42Z,The market rotation that began on July 9 continued with the mega-cap technology stocks falling ... [+] despite better profit growth and weighing in the index while smaller companies outperformed. Sma… [+6758 chars]
"{'id': None, 'name': 'Yahoo Entertainment'}",Attiya Zainib,Jim Cramer Loves Skyworks Solutions (SWKS) Because of the Apple (AAPL) Factor,"We recently published a list of Jim Cramer’s Latest Stock Portfolio: Top 10 Recommendations. Since Skyworks Solutions (NASDAQ:SWKS) ranks 7th on the list, it...",https://finance.yahoo.com/news/jim-cramer-loves-skyworks-solutions-105145091.html,https://media.zenfs.com/en/insidermonkey.com/dc5a2bcb6b4c16a43cb5b4ba98feb139,2024-07-05T10:51:45Z,"We recently published a list of Jim Cramers Latest Stock Portfolio: Top 10 Recommendations. Since Skyworks Solutions (NASDAQ:SWKS) ranks 7th on the list, it deserves a deeper look.
Jim Cramer in a l… [+4060 chars]"
"{'id': None, 'name': 'Forbes'}","Bill Stone, Contributor, 
 Bill Stone, Contributor
 https://www.forbes.com/sites/bill_stone/",Technology Stocks Sink Despite Better Earnings,The 2nd busiest week of earnings includes Magnificent 7 companies and 2Q GDP. The rise of small-caps and banks illustrates the expectations of rate cuts and no recession.,https://www.forbes.com/sites/bill_stone/2024/07/21/technology-stocks-sink-despite-better-earnings/,https://imageio.forbes.com/specials-images/imageserve/669bcb25eb3239dfd0d95794/0x0.jpg?format=jpg&height=900&width=1600&fit=bounds,2024-07-21T11:00:00Z,"The S&amp;P 500 slumped by 1.9% for the week. The Magnificent 7, consisting of Microsoft (MSFT), Meta ... [+] Platforms (META), Amazon.com (AMZN), Apple (AAPL), NVIDIA (NVDA), Alphabet (GOOGL), and T… [+5401 chars]"
"{'id': None, 'name': 'Forbes'}","Bill Stone, Contributor, 
 Bill Stone, Contributor
 https://www.forbes.com/sites/bill_stone/",Easing Inflation Ignites Fed Expectations And Small-Cap Stocks,"While earnings season has begun well, inflation was primarily responsible for the broad rally. Earnings, retail sales, and Fedspeak will be the focal points this week.",https://www.forbes.com/sites/bill_stone/2024/07/14/easing-inflation-ignites-fed-expectations-and-small-cap-stocks/,https://imageio.forbes.com/specials-images/imageserve/66930af6ac504529d9f77dad/0x0.jpg?format=jpg&height=900&width=1600&fit=bounds,2024-07-14T11:00:00Z,"Last weeks better inflation reading and increased expectations of Federal Reserve rate cuts helped ... [+] broaden participation in the stock rally.
getty
After a second quarter dominated by mega-c… [+3811 chars]"
"{'id': None, 'name': 'Yahoo Entertainment'}",Daniel Howley,"Meta CEO Zuckerberg calls on industry to adopt open-source AI, debuts high-powered Llama AI model",Meta CEO Mark Zuckerberg is calling on the tech industry to adopt open-source AI technology.,https://finance.yahoo.com/news/meta-ceo-zuckerberg-calls-on-industry-to-adopt-open-source-ai-debuts-high-powered-llama-ai-model-160804738.html,https://s.yimg.com/ny/api/res/1.2/jIdMQYMxIPvyZ79QcA4Ckg--/YXBwaWQ9aGlnaGxhbmRlcjt3PTEyMDA7aD04MDA-/https://s.yimg.com/os/creatr-uploaded-images/2023-12/5b178cb0-a46b-11ee-bde7-96f9c30e4f80,2024-07-23T16:08:04Z,Meta (META) CEO Mark Zuckerberg took to Instagram on Tuesday to call out the tech industry saying it should focus its generative AI efforts on open models rather than closed ones like those developed… [+3645 chars]
"{'id': None, 'name': 'Yahoo Entertainment'}",Daniel Howley,Apple stock finishes flat following Q3 earnings despite a decline in iPhone sales,"Apple reported better-than-anticipated earnings on Thursday, despite a decline in iPhone sales.",https://finance.yahoo.com/news/apple-stock-finishes-flat-following-q3-earnings-despite-a-decline-in-iphone-sales-203352033.html,https://s.yimg.com/ny/api/res/1.2/kjio0h24t.tgwwZX7nltDw--/YXBwaWQ9aGlnaGxhbmRlcjt3PTEyMDA7aD04NTY-/https://s.yimg.com/os/creatr-uploaded-images/2024-06/99fd5420-275e-11ef-b769-0adc783842cf,2024-08-02T20:33:52Z,"Apple's (AAPL) stock closed out the trading day Friday on a slightly positive note despite posting a year-over-year decline in iPhone sales in its third quarter earnings on Thursday.
Wall Street was… [+3266 chars]"
"{'id': None, 'name': ""Investor's Business Daily""}",Investor's Business Daily,The Magnificent Seven Stocks Suffer Their Worst Market Cap Loss In Two Years,The seven titans have lost $1.13 trillion in market cap in 5 days.,https://www.investors.com/news/sp-500-magnificent-seven-stocks-market-cap-loss/,https://www.investors.com/wp-content/uploads/2024/07/Stock-Magnificent7-adobe.jpg,2024-07-18T12:27:33Z,"It's been a rough stretch for the Magnificent Seven stocks. The S&amp;P 500 titans, Nvidia (NVDA), Microsoft (MSFT), Google-parent Alphabet (GOOGL),  Tesla (TSLA), Apple (AAPL), Meta Platforms (META)… [+3259 chars]"
"{'id': None, 'name': 'Deadline'}",Bruce Haring,"Universal Music Stock Takes Big Hit, As Streaming And Subscription Revenue Shrinks","Universal Music Group’s stock dived 24% today, after it revealed its revenue growth from subscription and streaming services fell below expectations. The plunge represents $16 billion in market value for the group, which is home to such big names as Taylor Sw…",http://deadline.com/2024/07/universal-music-stock-takes-big-hit-1236022939/,https://deadline.com/wp-content/uploads/2023/08/universal-music-group.jpg?w=1024,2024-07-26T02:02:06Z,"Universal Music Group’s stock dived 24% today, after it revealed its revenue growth from subscription and streaming services fell below expectations.
The plunge represents $16 billion in market valu… [+2013 chars]"
"{'id': None, 'name': 'Yahoo Entertainment'}",,Famous Wall Street Analyst: Apple Inc (AAPL) is the Best AI Stock for the Second Half of 2024,,https://consent.yahoo.com/v2/collectConsent?sessionId=1_cc-session_deae8ee5-ccdf-4079-a00c-3e311796889f,,2024-07-09T11:02:44Z,"If you click 'Accept all', we and our partners, including 237 who are part of the IAB Transparency &amp; Consent Framework, will also store and/or access information on a device (in other words, use … [+678 chars]"
"{'id': None, 'name': 'Forbes'}","Bill Stone, Contributor, 
 Bill Stone, Contributor
 https://www.forbes.com/sites/bill_stone/",Unfailing Recession Signal Ignites Stock Plunge,"The weak jobs report triggered the Sahm Rule, which has an unblemished track record in predicting a recession. A September Fed rate cut now seems inevitable.",https://www.forbes.com/sites/bill_stone/2024/08/02/unfailing-recession-signal-ignites-stock-plunge/,https://imageio.forbes.com/specials-images/imageserve/661a9378c4fd1dc394bb4920/0x0.jpg?format=jpg&height=900&width=1600&fit=bounds,2024-08-02T22:28:45Z,"Poor economic data raised the specter of recession after stocks had been pricing in little ... [+] probability of an economic downturn until this week.
getty
The relative outperformance of the mega… [+6307 chars]"
"{'id': None, 'name': 'Forbes'}","Tom Aspray, Contributor, 
 Tom Aspray, Contributor
 https://www.forbes.com/sites/tomaspray/",Two Best Monthly Picks From The S&P 100,Monthly analysis is not used by most traders or investors but the Viper Report’s Tom Aspray thinks they can often highlight important turns like the May buy in Apple.,https://www.forbes.com/sites/tomaspray/2024/07/31/two-best-monthly-picks-from-the-sp-100/,https://imageio.forbes.com/specials-images/imageserve/66aabbae26e7139a9d13d1d6/0x0.jpg?format=jpg&height=900&width=1600&fit=bounds,2024-07-31T23:18:05Z,"Growth of business concept. Promotion. Improvement.
getty
Given the explosion over the past decade in stock market information and advice, it is not surprising that few investors or traders take th… [+4729 chars]"
"{'id': None, 'name': 'Forbes'}","Trefis Team, Contributor, 
 Trefis Team, Contributor
 https://www.forbes.com/sites/greatspeculations/people/trefis/",Will AI’s Tough Economics Pop Nvidia’s Bubble?,Nvidia has a lot going for it as companies are looking to shift their sizable installed base of traditional data centers to accelerated computing using graphics..,https://www.forbes.com/sites/greatspeculations/2024/07/30/will-ais-tough-economics-pop-nvidias-bubble/,https://imageio.forbes.com/specials-images/imageserve/66a7d1f1ec9fd37f407f9153/0x0.jpg?format=jpg&height=900&width=1600&fit=bounds,2024-07-30T11:00:00Z,"PARAGUAY - 2024/07/18: In this photo illustration, the Nvidia Corporation logo is displayed on a ... [+] smartphone screen. (Photo Illustration by Jaque Silva/SOPA Images/LightRocket via Getty Images… [+5582 chars]"
"{'id': None, 'name': 'Yahoo Entertainment'}",Avi Kapoor,How To Earn $500 A Month From Apple Stock Ahead Of Q3 Earnings,"Apple Inc (NASDAQ:AAPL) will release earnings results for its third quarter after the closing bell on Thursday, Aug. 1. Meanwhile, some investors are eyeing ...",https://finance.yahoo.com/news/earn-500-month-apple-stock-122641525.html,https://media.zenfs.com/en/Benzinga/b8894bd0edc1a7a4699778cea41b93a0,2024-08-01T12:26:41Z,"How To Earn $500 A Month From Apple Stock Ahead Of Q3 Earnings
Apple Inc (NASDAQ:AAPL) will release earnings results for its third quarter after the closing bell on Thursday, Aug. 1.
Meanwhile, som… [+2708 chars]"
"{'id': None, 'name': 'Benzinga'}",Lekha Gupta,Apple App Store Practices Under Scrutiny In Spain For Anti-Competitive Behavior,Apple under investigation for potential violations of competition laws in Spain and EU regarding App Store. Maximum duration of 24 months.,https://www.benzinga.com/markets/equities/24/07/39936475/apple-app-store-practices-under-scrutiny-in-spain-for-anti-competitive-behavior,https://cdn.benzinga.com/files/images/story/2024/07/24/4--48MP-Telephoto-Lens.jpeg?width=1200&height=800&fit=crop,2024-07-24T17:41:59Z,"Apple Inc.AAPL shares are trading lower Wednesday. The National Commission for Markets and Competition (CNMC) is investigating Apple for possible violations of Spanish and EU competition laws.
Apple… [+1558 chars]"
"{'id': None, 'name': 'Macdailynews.com'}",MacDailyNews,Apple shares hit new all-time intraday and closing highs,"In Nasdaq trading today, shares of Apple Inc. rose to hit new all-time intraday and closing highs. Apple’s all-time intraday high was set on…
The post Apple shares hit new all-time intraday and closing highs appeared first on MacDailyNews.",https://macdailynews.com/2024/07/09/apple-shares-hit-new-all-time-intraday-and-closing-highs-240709/,https://149359564.v2.pressablecdn.com/wp-content/uploads/2021/12/211207_stock_chart.png,2024-07-09T20:15:51Z,"In Nasdaq trading today, shares of Apple Inc. (AAPL) rose $0.86, or 0.38%, to $228.68, a new all-time closing high. Today’s intraday high was $229.40, also an all-time high for Apple stock.
Apples 5… [+1466 chars]"
"{'id': None, 'name': 'Yahoo Entertainment'}",Daniel Howley,Apple gives developers first taste of Apple Intelligence with iOS 18.1 developer beta,Apple is giving app developers their first look at its highly anticipated Apple Intelligence platform.,https://finance.yahoo.com/news/apple-gives-developers-first-taste-of-apple-intelligence-with-ios-181-developer-beta-171201605.html,https://s.yimg.com/ny/api/res/1.2/kjio0h24t.tgwwZX7nltDw--/YXBwaWQ9aGlnaGxhbmRlcjt3PTEyMDA7aD04NTY-/https://s.yimg.com/os/creatr-uploaded-images/2024-06/99fd5420-275e-11ef-b769-0adc783842cf,2024-07-29T17:12:20Z,"Apple (AAPL) is giving developers an early look at its upcoming Apple Intelligence AI platform with the release of its latest developer betas for iOS, iPadOS, and MacOS on Monday. The betas, called i… [+4637 chars]"
"{'id': None, 'name': 'Yahoo Entertainment'}",Alexis Keenan,Alphabet’s Wiz deal could face DC pushback no matter who wins the White House,"The Biden administration has tried to rein in what it views as anticompetitive behavior in the tech world, but Alphabet may find out that a second Trump...",https://finance.yahoo.com/news/alphabets-wiz-deal-could-face-dc-pushback-no-matter-who-wins-the-white-house-125043222.html,https://s.yimg.com/ny/api/res/1.2/y7VTCaY4SOfAB3_a4nMT1Q--/YXBwaWQ9aGlnaGxhbmRlcjt3PTEyMDA7aD04MDA-/https://s.yimg.com/os/creatr-uploaded-images/2024-07/7dca0a40-43b1-11ef-b7ff-a83311729a27,2024-07-17T12:50:43Z,"Alphabets (GOOG,GOOGL) biggest-ever acquisition could face US pushback no matter who wins the White House this November.
The reported $23 billion bid to buy fast-growing cloud cybersecurity firm Wiz… [+4714 chars]"
"{'id': None, 'name': 'Macmagazine.com.br'}",Luiz Gustavo Ribeiro,"Após novo recorde na Nasdaq, Apple ultrapassa Microsoft em valor de mercado","Os últimos dias foram marcados — pelo menos no mercado de ações das Big Techs — pela acirrada ""corrida"" entre a Apple e a Microsoft pelo topo do ranking das empresas de capital aberto mais valiosas do mundo, cuja liderança veio sendo ocupada pela gigante de R…",https://macmagazine.com.br/post/2024/07/08/apos-novo-recorde-na-nasdaq-apple-ultrapassa-microsoft-em-valor-de-mercado/,https://macmagazine.com.br/wp-content/uploads/2024/07/08-Apple-Microsoft-logo-1260x840.jpg,2024-07-08T20:51:38Z,Os últimos dias foram marcados pelo menos no mercado de ações das Big Techs pela acirrada “corrida” entre a Apple e a Microsoft pelo topo do ranking das empresas de capital aberto mais valiosas do mu… [+947 chars]
"{'id': None, 'name': 'Yahoo Entertainment'}",Karen Friar,"Stock market news today: S&P 500, Nasdaq futures climb as Fed delivers and Meta jumps",Strong Meta results are keeping bullish tech hopes aloft after the Fed cemented bets on a September rate cut.,https://finance.yahoo.com/news/live/stock-market-news-today-sp-500-nasdaq-futures-climb-as-fed-delivers-and-meta-jumps-103710563.html,https://s.yimg.com/ny/api/res/1.2/oJ.sswH86krk5fhcCYqj0w--/YXBwaWQ9aGlnaGxhbmRlcjt3PTEyMDA7aD04MDA-/https://s.yimg.com/os/creatr-uploaded-images/2024-07/00813630-4f0a-11ef-a7fb-7eff7963a846,2024-08-01T10:37:10Z,"US stocks were poised to resume their rally on Thursday, as upbeat Meta (META) results put earnings center stage again after the Federal Reserve boosted hopes for a September rate cut.
Futures on th… [+1325 chars]"
"{'id': None, 'name': 'Macdailynews.com'}",MacDailyNews,Apple shares hit new all-time closing high,"In Nasdaq trading today, shares of Apple Inc. rose to hit a new all-time closing high. Apple’s all-time intraday high was set on…
The post Apple shares hit new all-time closing high appeared first on MacDailyNews.",https://macdailynews.com/2024/07/16/apple-shares-hit-new-all-time-closing-high-26/,https://149359564.v2.pressablecdn.com/wp-content/uploads/2022/03/220328_logo.png,2024-07-16T20:11:02Z,"In Nasdaq trading today, shares of Apple Inc. (AAPL) rose $0.42, or 0.18%, to $234.82, a new all-time closing high. Apple’s intraday high was set on July 15, 2024 at $237.23.
Apples 52-week low stan… [+1417 chars]"
"{'id': None, 'name': 'Macdailynews.com'}",MacDailyNews,Loop Capital ups Apple price target to $300 a share,"Loop Capital analyst Ananda Baruah turned bullish on Apple, raising his price target to $300 (up a whopping $130), upgrading AAPL to ""buy""…
The post Loop Capital ups Apple price target to $300 a share appeared first on MacDailyNews.",https://macdailynews.com/2024/07/15/loop-capital-ups-apple-price-target-to-300-a-share/,https://149359564.v2.pressablecdn.com/wp-content/uploads/2021/11/211111_apple_logo.png,2024-07-15T12:58:17Z,"Loop Capital analyst Ananda Baruah turned bullish on Apple, raising his price target to $300 (up a whopping $130) and upgrading the stock to “buy” due to a potential surge in iPhone upgrades.
Martin… [+1085 chars]"
"{'id': None, 'name': 'Macdailynews.com'}",MacDailyNews,Apple shares hit new all-time intraday and closing highs,"In Nasdaq trading today, shares of Apple Inc. rose to hit new all-time intraday and closing highs. Apple’s all-time intraday high was set on…
The post Apple shares hit new all-time intraday and closing highs appeared first on MacDailyNews.",https://macdailynews.com/2024/07/15/apple-shares-hit-new-all-time-intraday-and-closing-highs-240715/,https://149359564.v2.pressablecdn.com/wp-content/uploads/2021/10/211019_apple_logo.png,2024-07-15T20:10:45Z,"In Nasdaq trading today, shares of Apple Inc. (AAPL) rose $3.86, or 1.67, to $234.40, a new all-time closing high. Today’s intraday high was $237.23, also an all-time high for Apple stock.
Apples 52… [+1445 chars]"
"{'id': None, 'name': 'Macdailynews.com'}",MacDailyNews,Apple shares hit new all-time intraday and closing highs,"In Nasdaq trading today, shares of Apple Inc. rose to hit new all-time intraday and closing highs. Apple’s all-time intraday high was set on…
The post Apple shares hit new all-time intraday and closing highs appeared first on MacDailyNews.",https://macdailynews.com/2024/07/05/apple-shares-hit-new-all-time-intraday-and-closing-highs-82/,https://149359564.v2.pressablecdn.com/wp-content/uploads/2022/03/220328_logo.png,2024-07-05T20:30:20Z,"In Nasdaq trading today, shares of Apple Inc. (AAPL) rose $4.79, or 2.16%, to $226.34, a new all-time closing high. Today’s intraday high was $226.45, also an all-time high for Apple stock.
Apples 5… [+1500 chars]"
"{'id': None, 'name': 'Macdailynews.com'}",MacDailyNews,Apple shares hit new all-time intraday and closing highs,"In Nasdaq trading today, shares of Apple Inc. rose to hit new all-time intraday and closing highs. Apple’s all-time intraday high was set on…
The post Apple shares hit new all-time intraday and closing highs appeared first on MacDailyNews.",https://macdailynews.com/2024/07/08/apple-shares-hit-new-all-time-intraday-and-closing-highs-240708/,https://149359564.v2.pressablecdn.com/wp-content/uploads/2021/11/211111_apple_logo.png,2024-07-08T20:19:18Z,"In Nasdaq trading today, shares of Apple Inc. (AAPL) rose $1.48, or 0.65%, to $227.82, a new all-time closing high. Today’s intraday high was $227.84, also an all-time high for Apple stock.
Apples 5… [+1455 chars]"
"{'id': None, 'name': 'Macdailynews.com'}",MacDailyNews,Apple shares hit new all-time intraday and closing highs,"In Nasdaq trading today, shares of Apple Inc. rose to hit new all-time intraday and closing highs. Apple’s all-time intraday high was set on…
The post Apple shares hit new all-time intraday and closing highs appeared first on MacDailyNews.",https://macdailynews.com/2024/07/10/apple-shares-hit-new-all-time-intraday-and-closing-highs-83/,https://149359564.v2.pressablecdn.com/wp-content/uploads/2021/12/211207_stock_chart.png,2024-07-10T20:18:37Z,"In Nasdaq trading today, shares of Apple Inc. (AAPL) rose $4.30, or 1.88%, to $232.98, a new all-time closing high. Today’s intraday high was $233.08, also an all-time high for Apple stock.
Apples 5… [+1455 chars]"
"{'id': None, 'name': 'Forbes'}","Tom Aspray, Contributor, 
 Tom Aspray, Contributor
 https://www.forbes.com/sites/tomaspray/",Is The Tech Stock Selling Almost Over?,It was a rough week for stocks as the major averages had their largest decline since October 2022. But Tom Aspray's technical outlook  may again differ from the majority.,https://www.forbes.com/sites/tomaspray/2024/07/28/is-the-tech-stock-selling-almost-over/,https://imageio.forbes.com/specials-images/imageserve/66a6afd1366f2b198603e07d/0x0.jpg?format=jpg&height=900&width=1600&fit=bounds,2024-07-28T21:17:00Z,"Fomc Federal Open Market Committee Government regulation Finance monitoring organisation.
getty
The stock market decline last Wednesday was the heaviest since October 14, 2022, when the S&amp;P dro… [+6483 chars]"
"{'id': None, 'name': 'Macdailynews.com'}",MacDailyNews,Needham ups Apple price target to $260 on strength of buybacks,"Needham analysts Martin and Medina are bullish on Apple (AAPL), raising their price target to $260 and reiterating a ""Buy"" rating…
The post Needham ups Apple price target to $260 on strength of buybacks appeared first on MacDailyNews.",https://macdailynews.com/2024/07/10/needham-ups-apple-price-target-to-260-on-strength-of-buybacks/,https://149359564.v2.pressablecdn.com/wp-content/uploads/2024/03/240312_apple_logo.png,2024-07-10T15:30:56Z,"Needham analysts Martin and Medina are bullish on Apple (AAPL), raising their price target to $260 and reiterating a “Buy” rating. They see Apple’s hefty $110 billion share buyback program as a strat… [+1395 chars]"
"{'id': None, 'name': 'Forbes'}","Trefis Team, Contributor, 
 Trefis Team, Contributor
 https://www.forbes.com/sites/greatspeculations/people/trefis/",Nvidia Stock: A Reality Check,Nvidia (NASDAQ: NVDA) stock has seen a 150% plus rally this year led by surging demand for the company’s graphics processing unit for artificial intelligence applications,https://www.forbes.com/sites/greatspeculations/2024/07/09/nvidia-stock-a-reality-check/,https://imageio.forbes.com/specials-images/imageserve/668cabbadff664ad500f3d0e/0x0.jpg?format=jpg&height=900&width=1600&fit=bounds,2024-07-09T12:00:00Z,"SHANGHAI, CHINA - JUNE 26: A sign is displayed at Nvidia booth during the Mobile World Congress ... [+] (MWC) Shanghai 2024 at the Shanghai New International Expo Centre (SNIEC) on June 26, 2024 in S… [+6503 chars]"
"{'id': None, 'name': 'Applech2.com'}",applech2,Amazonプライムデーセールで、Microsoft 365サブスクリプションやOffice 2021永続版、Adobe Acrobat、Parallels Desktop 19 for Macのライセンスが特別価格で販売中。,"Amazonプライムデーセールで、Microsoft 365サブスクリプションやOffice 2021永続版、Adobe Acrobat、Parallels Desktop 19 for Macのライセンスが特別価格で […]
The post Amazonプライムデーセールで、Microsoft 365サブスクリプションやOffice 2021永続版、Adobe Acrobat、Parallels Desktop 19 for Macのライセンスが特別価格で販売中。 first appeared on AAPL…",https://applech2.com/archives/20240716-amazon-prime-sale-software.html,https://applech2.com/wp-content/uploads/2024/07/Amazon-Prime-Sale-Software-Hero-2.jpg,2024-07-15T22:52:23Z,"AmazonMicrosoft 365Office 2021Adobe AcrobatParallels Desktop 19 for Mac
Amazon Japan20240716172AmazonAmazon Prime DayMicrosoftAdobeCorelPC
Microsoft OfficeAdobe Acrobat Pro/StandardParallels Deskto… [+119 chars]"
"{'id': None, 'name': 'Applech2.com'}",applech2,AmazonサマーセールでWDやSanDisk、Samsung、Seagate、Buffalo、TranscendなどのSSDやHDDが特選タイムセール中。,"Amazonサマーセールで、WDやSanDisk, Samsung, Seagate, Buffalo、TranscendなどのSSDやHDDが特選タイムセールとなっています。詳細は以下から。 　Amazon Japa […]
The post AmazonサマーセールでWDやSanDisk、Samsung、Seagate、Buffalo、TranscendなどのSSDやHDDが特選タイムセール中。 first appeared on AAPL Ch..",https://applech2.com/archives/20240801-amazon-summer-sale-ssd.html,https://applech2.com/wp-content/uploads/2024/08/Amazon-SSD-time-Sale-2024-features-1.jpg,2024-08-01T23:24:30Z,"AmazonWDSanDisk, Samsung, Seagate, BuffaloTranscendSSDHDD
Amazon Japan2024080110AmazonWestern DigitalSanDisk, Samsung, Seagate, BuffaloSSDHDDmicroSDUSB
Amazon
Western Digital
WD Blue 6TB 16,390 1… [+999 chars]"
"{'id': None, 'name': 'Cnblogs.com'}",削微寒,GitHub 创始人资助的开源浏览器「GitHub 热点速览」 - 削微寒,你是否注意到，现在主流的浏览器如 Chrome、Edge、Brave 和 Opera 都采用了谷歌的 Chromium 引擎？同时，谷歌每年不惜花费数十亿美元，确保其搜索引擎在 Safari 中的默认地位，甚至连 Firefox 也难逃商业利益的影响，这使得谷歌在浏览器和搜索引擎市场“一家独大”。,https://www.cnblogs.com/xueweihan/p/18291033,,2024-07-09T00:24:00Z,"ChromeEdgeBrave Opera Chromium Safari Firefox 
GitHub CEO · (Chris Wanstrath) 100 Ladybird 
<ol><li> BlinkWebKitGecko </li><li></li></ol>20 Firefox 1.0 
Python 2FA Spring 
<ul><li><ul><li>1. 
</… [+2116 chars]"
"{'id': None, 'name': 'Applech2.com'}",applech2,Apple、2024年7月のmacOS 14.6 SonomaやmacOS 13.6.8 Ventura、macOS 12.7.6 MontereyセキュリティアップデートでOpenSSHの脆弱性「regreSSHion (CVE-2024-6387)」を修正。,"Appleが2024年7月のmacOS 14.6 SonomaやmacOS 13.6.8 Ventura、macOS 12.7.6 MontereyセキュリティアップデートでOpenSSHの脆弱性「regreSSHio […]
The post Apple、2024年7月のmacOS 14.6 SonomaやmacOS 13.6.8 Ventura、macOS 12.7.6 MontereyセキュリティアップデートでOpenSSHの脆弱性「regreSSHion (CVE-2024-6387)」を修正。 firs…",https://applech2.com/archives/20240730-apple-fixed-openssh-cve-2024-6387.html,https://applech2.com/wp-content/uploads/2024/07/Apple-fixed-OpenSSH-CVE-2024-6387-Hero.jpg,2024-07-29T22:35:55Z,"Apple20247macOS 14.6 SonomamacOS 13.6.8 VenturamacOS 12.7.6 MontereyOpenSSHregreSSHion (CVE-2024-6387)
Apple20240729macOS SonomamacOS 14.6 SonomamacOS VenturaMontereymacOS 13.6.8 VenturamacOS 12.7.6… [+1118 chars]"
"{'id': None, 'name': 'Forbes'}","Trefis Team, Contributor, 
 Trefis Team, Contributor
 https://www.forbes.com/sites/greatspeculations/people/trefis/",Should You Pick Corning Stock After 40% Gains This Year Amid AI Boost?,"Corning stock (NYSE: GLW) saw a 10% rise over the last five days, faring better than its peer — General Electric stock – up 2%. The rise in GLW stock this..",https://www.forbes.com/sites/greatspeculations/2024/07/10/should-you-pick-corning-stock-after-40-gains-this-year-amid-ai-boost/,https://imageio.forbes.com/specials-images/imageserve/61f0126db77f2c141a46d1ec/0x0.jpg?format=jpg&height=900&width=1600&fit=bounds,2024-07-10T11:00:51Z,UKRAINE - 2021/10/09: In this photo illustration Corning Incorporated logo seen displayed on a ... [+] smartphone and in the background. (Photo Illustration by Igor Golovniov/SOPA Images/LightRocket … [+3546 chars]
"{'id': None, 'name': 'Forbes'}","Trefis Team, Contributor, 
 Trefis Team, Contributor
 https://www.forbes.com/sites/greatspeculations/people/trefis/","Microsoft Stock Surpassed The Consensus In Q4, What’s Next?","Amid the current financial backdrop, MSFT stock has seen extremely strong gains of 100% from levels of $215 in early January 2021 to around $425 now",https://www.forbes.com/sites/greatspeculations/2024/08/02/microsoft-stock-surpassed-the-consensus-in-q4-whats-next/,https://imageio.forbes.com/specials-images/imageserve/66ac38fa74a6579fd4ea1284/0x0.jpg?format=jpg&height=900&width=1600&fit=bounds,2024-08-02T12:15:00Z,"A signage of Microsoft is being seen outside its office building in Gurugram, in the outskirts of ... [+] New Delhi, India, on July 19, 2024. (Photo by Kabir Jhangiani/NurPhoto via Getty Images)
Nur… [+3430 chars]"
"{'id': None, 'name': 'Yahoo Entertainment'}",Karen Friar,"Stock market news today: S&P 500, Nasdaq gain to kick off huge week for markets","Investors are bracing for a big week filled with a Fed rate decision, the jobs report and Big Tech earnings.",https://finance.yahoo.com/news/live/stock-market-news-today-sp-500-nasdaq-gain-to-kick-off-huge-week-for-markets-160342511.html,https://s.yimg.com/ny/api/res/1.2/5mM9.wFhP3JB85FGgOz3Ig--/YXBwaWQ9aGlnaGxhbmRlcjt3PTEyMDA7aD04MDA-/https://s.yimg.com/os/creatr-uploaded-images/2024-05/21a24610-0919-11ef-bfbf-d57584f662e0,2024-07-29T16:03:42Z,"US stocks gained after temporarily turning negative on Monday to kick off a big week filled with a Federal Reserve rate decision, the jobs report, and Big Tech earnings.
The Dow Jones Industrial Ave… [+4909 chars]"
"{'id': None, 'name': 'Dinheirama.com'}",Reuters,"Nvidia tomba 5,5% e derruba Nasdaq em 2%","O índice de tecnologia Nasdaq encerrou em forte queda nesta quinta-feira, pressionado por queda nas ações da Nvidia (NVDA; NVDC34) , Apple (AAPL; AAPL34)  e Tesla (TSLA; TSLA34),…
------ Este artigo foi escrito por Reuters. Este artigo apareceu originalmente …",https://dinheirama.com/nvidia-tomba-55-e-derruba-nasdaq-em-2/,https://media.dinheirama.com/medias/uploads/2024/03/20240302-nvidia.jpg,2024-07-11T20:33:56Z,"2O índice de tecnologia Nasdaq encerrou em forte queda nesta quinta-feira, pressionado por queda nas ações da Nvidia (NVDA; NVDC34) , Apple (AAPL; AAPL34)  e Tesla (TSLA; TSLA34), com investidores mi… [+410 chars]"
"{'id': None, 'name': 'Dinheirama.com'}",Reuters,Apple deve lançar iPhone dobrável já em 2026,"A Apple (AAPL; AAPL34) deve apresentar seu iPhone dobrável já em 2026, segundo reportagem do site The Information publicada nesta terça-feira, o que representaria a maior reformulação…
------ Este artigo foi escrito por Reuters. Este artigo apareceu originalm…",https://dinheirama.com/apple-deve-lancar-iphone-dobravel-ja-em-2026-diz-site/,https://media.dinheirama.com/medias/uploads/2023/09/20230912-apple.jpg,2024-07-23T17:43:37Z,"6A Apple (AAPL; AAPL34) deve apresentar seu iPhone dobrável já em 2026, segundo reportagem do site The Information publicada nesta terça-feira, o que representaria a maior reformulação no design de h… [+1078 chars]"
"{'id': None, 'name': 'Dinheirama.com'}",Reuters,"Mercado de smartphones cresce 6,5% no 2º tri, diz IDC","As vendas globais de smartphones aumentaram 6,5% no segundo trimestre, impulsionadas por dispositivos de Samsung e Apple (AAPL; AAPL34), segundo dados preliminares da empresa de pesquisa…
------ Este artigo foi escrito por Reuters. Este artigo apareceu origin…",https://dinheirama.com/mercado-de-smartphones-cresce-65-no-2o-tri-diz-idc/,https://media.dinheirama.com/medias/uploads/2024/07/20240715-smartphones-jpg.webp,2024-07-15T17:09:18Z,"1 As vendas globais de smartphones aumentaram 6,5% no segundo trimestre, impulsionadas por dispositivos de Samsung e Apple (AAPL; AAPL34), segundo dados preliminares da empresa de pesquisa de mercado… [+1454 chars]"
"{'id': None, 'name': 'Dinheirama.com'}",Reuters,Apple prevê receita estável com demanda crescente pelo iPhone,"A Apple (AAPL; AAPL34)  disse nesta quinta-feira que o crescimento da receita em uma base trimestral deve ser estável no período de julho a setembro, depois…
------ Este artigo foi escrito por Reuters. Este artigo apareceu originalmente no site Dinheirama.A r…",https://dinheirama.com/apple-preve-receita-estavel-com-demanda-crescente-pelo-iphone/,https://media.dinheirama.com/medias/uploads/2023/09/20230911-apple.jpg,2024-08-01T23:13:09Z,"2A Apple (AAPL; AAPL34)  disse nesta quinta-feira que o crescimento da receita em uma base trimestral deve ser estável no período de julho a setembro, depois de divulgar as vendas do iPhone, que supe… [+3104 chars]"
"{'id': None, 'name': 'Applech2.com'}",applech2,MacBook Air/Proのノッチにファイルをドラッグ&ドロップするだけでAirDropや一時保存が可能なオープンソースのノッチユーティリティ「NotchDrop」がリリース。,"MacBook Air/Proのノッチにファイルをドラッグ&ドロップするだけでAirDropや一時保存が可能なオープンソースのノッチユーティリティ「NotchDrop」がリリースされています。詳細は以下から。 […]
The post MacBook Air/Proのノッチにファイルをドラッグ&ドロップするだけでAirDropや一時保存が可能なオープンソースのノッチユーティリティ「NotchDrop」がリリース。 first appeared on AAPL Ch..",https://applech2.com/archives/20240718-notchdrop-for-macbook-notch.html,https://applech2.com/wp-content/uploads/2024/07/NotchDrop-for-MacBook-Notch-Hero.jpg,2024-07-18T04:34:39Z,"MacBook Air/Pro&amp;AirDropNotchDrop
Apple2021MacBook ProFaceTime HDAirDropNotchDrop
Use your MacBook’s notch like Dynamic Island for temporary storing files and AirDrop
Lakr233/NotchDrop: Use you… [+267 chars]"
"{'id': None, 'name': 'Applech2.com'}",applech2,アプリケーションウィンドウのプレビューを表示してくれるMacアプリ「DockDoor」に、プレビューウィンドウのホーバーアクションが追加。,"アプリケーションウィンドウのプレビューを表示してくれるMacアプリ「DockDoor」に、プレビューウィンドウのホーバーアクション機能が追加が追加されています。詳細は以下から。 　DockDoorはRedditクライア […]
The post アプリケーションウィンドウのプレビューを表示してくれるMacアプリ「DockDoor」に、プレビューウィンドウのホーバーアクションが追加。 first appeared on AAPL Ch..",https://applech2.com/archives/20240713-dockdoor-for-mac-app-window-preview.html,https://applech2.com/wp-content/uploads/2024/07/DockDoor-for-Mac-Dock-App-Preview-Hero.jpg,2024-07-13T02:50:16Z,"MacDockDoor
DockDoorRedditOpenArtemisEthan Bills(ejbills)MacWindowsAeromacOSDock()
DockDoorv1.1.0v1.1.2
DockDoor v1.1.x
DockDoor v1.1.0[Appearance][Hover Window Title Style]Hide, Default, Embedde… [+102 chars]"
"{'id': None, 'name': 'Applech2.com'}",applech2,AmazonのKindle本Prime Dayセールで、マイナビ出版のCompass Booksシリーズやネットワーク・プログラミング関連のタイトルが約50%OFFセール中。,"AmazonのKindle本Prime Dayセールで、マイナビ出版のCompass Booksシリーズやネットワーク・プログラミング関連のタイトルが約50%OFFセールとなっています。詳細は以下から。 　Amazon […]
The post AmazonのKindle本Prime Dayセールで、マイナビ出版のCompass Booksシリーズやネットワーク・プログラミング関連のタイトルが約50%OFFセール中。 first appeared on AAPL Ch..",https://applech2.com/archives/20240710-kindle-mynavi-prime-sale.html,https://applech2.com/wp-content/uploads/2024/07/kindle-mynavi-prime-sale-Hero.jpg,2024-07-09T17:52:10Z,"AmazonKindlePrime DayCompass Books50%OFF
Amazon20240716AmazonKindleCompass BooksAI50%OFF
Compass Books
 2 3,366 1,870
!Python 2,851 1,584
PyTorch 3,584 1,991
 3,184 1,749
Python 3,940 1,289
2… [+249 chars]"
"{'id': None, 'name': 'Applech2.com'}",applech2,Satechi Japan、Qi2対応でiPhoneを最大15Wで充電できるワイヤレス車載充電器「Satechi Qi2 ワイヤレス カーチャージャー」を発売。,"Satechi JapanがQi2対応でiPhoneを最大15Wで充電できるワイヤレス車載充電器「Satechi Qi2 ワイヤレス カーチャージャー」を発売しています。詳細は以下から。 　アメリカのサードパーティメー […]
The post Satechi Japan、Qi2対応でiPhoneを最大15Wで充電できるワイヤレス車載充電器「Satechi Qi2 ワイヤレス カーチャージャー」を発売。 first appeared on AAPL Ch..",https://applech2.com/archives/20240711-satechi-japan-qi2-wireless-car-charger.html,https://applech2.com/wp-content/uploads/2024/06/Satechi-Qi2-Wireless-Car-Charger-Hero.jpg,2024-07-10T21:03:18Z,"Satechi JapanQi2iPhone15WSatechi Qi2 
SatechiSatechi Japan20240710Qi2iPhone15WSatechi Qi2 (ST-Q2CCM)
iPhoneMagSafeQi2iPhone215WiPhone 15/14/13/12 15WUSB-C
Satechi Qi2 Amazon.co.jp
Satechi Qi2 App… [+125 chars]"
"{'id': None, 'name': 'Applech2.com'}",applech2,Apple、開発者向けに「macOS Sonoma 14.6」や「iOS/iPadOS 17.6」、「visionOS 1.3」のRC版を公開。,"Appleが開発者向けに「macOS Sonoma 14.6」や「iOS/iPadOS 17.6」、「visionOS 1.3」のRC版を公開しています。詳細は以下から。 　Appleは現地時間2024年07月23日、 […]
The post Apple、開発者向けに「macOS Sonoma 14.6」や「iOS/iPadOS 17.6」、「visionOS 1.3」のRC版を公開。 first appeared on AAPL Ch..",https://applech2.com/archives/20240724-macos-14-6-sonoma-and-ios-17-6-rc.html,https://applech2.com/wp-content/uploads/2024/07/macOS-Sonoma-14-6-RC-now-available.jpg,2024-07-23T20:51:38Z,"ApplemacOS Sonoma 14.6iOS/iPadOS 17.6visionOS 1.3RC
Apple2024072309macOS SonomaiOS/iPadOS 17macOS 14.6 SonomaiOS/iPadOS 17.6tvOS 17.6watchOS 10.6visionOS 1.3RC(Release Candidate)
<ul><li>iOS 17.6 R… [+542 chars]"
"{'id': None, 'name': 'Applech2.com'}",applech2,X(旧Twitter)公式クライアント「X for iPhone/iPad」がApple Silicon Macをサポート。旧「Twitter for Mac」アプリは配信が終了。,"X(旧Twitter)クライアント「X」がApple Silicon Macに対応しています。詳細は以下から。 　X Corp(旧Twitter)は現地時間2024年08月01日、同社の公式Xクライアント「X for […]
The post X(旧Twitter)公式クライアント「X for iPhone/iPad」がApple Silicon Macをサポート。旧「Twitter for Mac」アプリは配信が終了。 first appeared on AAPL Ch..",https://applech2.com/archives/20240801-twitter-x-support-apple-silicon-mac.html,https://applech2.com/wp-content/uploads/2024/08/Twitter-X-for-Mac-on-App-Store-Mac-Hero.jpg,2024-08-01T04:36:25Z,"X(Twitter)XApple Silicon Mac
X Corp(Twitter)20240801XX for iPhone/iPad v10.52Apple Silicon Mac
We made improvements and squashed bugs so X is even better for you.
X10.52iPhoneiPadiOS/iPadOS 15Appl… [+373 chars]"
"{'id': None, 'name': 'Applech2.com'}",applech2,Vision Proの装着感を高めるヘッドストラップ「Spigen DR210 パッド入りヘッドストラップ Vision Pro用」が日本でも販売開始。,"Vision Proの装着感を高めるヘッドストラップ「Spigen DR210 パッド入りヘッドストラップ Vision Pro用」が日本でも販売されています。詳細は以下から。 　Spigen Japanは、Apple […]
The post Vision Proの装着感を高めるヘッドストラップ「Spigen DR210 パッド入りヘッドストラップ Vision Pro用」が日本でも販売開始。 first appeared on AAPL Ch..",https://applech2.com/archives/20240725-spigen-japan-dr210-padded-head-strap-for-vision-pro.html,https://applech2.com/wp-content/uploads/2024/07/Spigen-Japan-DR210-padded-head-strap-for-apple-vision-pro-Hero.jpg,2024-07-25T01:56:08Z,"Vision ProSpigen DR210 Vision Pro
Spigen JapanAppleVision Pro Spigen DR210 (AFA07255)
Apple Vision Pro[…]
Spigen DR210 Apple Vision Pro Amazon.co.jp
Spigen DR210AppleVision Pro(Solo Knit Band)App… [+165 chars]"
"{'id': None, 'name': 'Applech2.com'}",applech2,サンワサプライ、Steam DeckやROG Ally、iPadだけでなくNintendo Switchにも対応した冷却ファン付のポータブルゲーミングPC用ドッキングステーション「400-HUBCP19GM」を発売。,"サンワサプライがSteam DeckやROG Ally、iPadだけでなくNintendo Switchにも対応した冷却ファン付のポータブルゲーミングPC用ドッキングステーション「400-HUBCP19GM」を発売して […]
The post サンワサプライ、Steam DeckやROG Ally、iPadだけでなくNintendo Switchにも対応した冷却ファン付のポータブルゲーミングPC用ドッキングステーション「400-HUBCP19GM」を発売。 first appeared on AAPL Ch..",https://applech2.com/archives/20240719-sanwa-gaming-pc-dock-400-hubcp19gm.html,https://applech2.com/wp-content/uploads/2024/07/Sanwa-Gaming-PC-Dock-400-HUBCP19GM-Hero.jpg,2024-07-18T22:22:33Z,"Steam DeckROG AllyiPadNintendo SwitchPC400-HUBCP19GM
20240718Steam DeckROG AllyNintendo SwitchUSB-CiPadUSB-A/-CHDMIEthernet400-HUBCP19GM
400-HUBCP19GMSteam DeckROG AllyPCHDMIHDMI4K@60HzHD240HzLAN(G… [+194 chars]"
"{'id': None, 'name': 'Applech2.com'}",applech2,elago、Apple WatchやAirPods Pro (第2世代)を充電できるApple Watch充電器用のシリコンケース「elago Magnetic Charger Pad」を発売。,"elago、Apple WatchやAirPods Pro (第2世代)を充電できるApple Watch充電器用シリコンケース「elago Magnetic Charger Pad」を発売。ます。詳細は以下から。 　 […]
The post elago、Apple WatchやAirPods Pro (第2世代)を充電できるApple Watch充電器用のシリコンケース「elago Magnetic Charger Pad」を発売。 first appeared on AAPL Ch..",https://applech2.com/archives/20240722-elago-magnetic-charger-pad-for-apple-watch.html,https://applech2.com/wp-content/uploads/2024/07/elago-Magnetic-Charger-Pad-Hero.jpg,2024-07-22T05:45:10Z,"elagoApple WatchAirPods Pro (2)Apple Watchelago Magnetic Charger Pad
Apple202209Apple H2AirPods Pro (2)QiMagSafeApple Watch
AirPods Pro (2)
Apple WatchAirPods Pro (2)Apple Watch(Apple Watch)12Appl… [+257 chars]"
"{'id': None, 'name': 'Applech2.com'}",applech2,Bjango、約7年ぶりのメジャーアップデートとなるMac用システムモニタアプリ「iStat Menus 7.0」をリリース。,"Bjangoが約7年ぶりのメジャーアップデートとなるMac用システムモニタアプリ「iStat Menus 7.0」をリリースしています。詳細は以下から。 　オーストラリアのBjango Pty Ltd.は現地時間202 […]
The post Bjango、約7年ぶりのメジャーアップデートとなるMac用システムモニタアプリ「iStat Menus 7.0」をリリース。 first appeared on AAPL Ch..",https://applech2.com/archives/20240731-istat-menus-7-now-available.html,https://applech2.com/wp-content/uploads/2024/07/iStat-Menus-v7-for-Mac-Hero.jpg,2024-07-31T00:58:26Z,"Bjango7MaciStat Menus 7.0
Bjango Pty Ltd.202407302007MaciStat MenusiStat Menus 7.0
iStat Menus covers a huge range of stats, including CPU, GPU, memory, network usage, disk usage, time, battery, we… [+437 chars]"
"{'id': None, 'name': 'Applech2.com'}",applech2,X、Twitter for Macユーザーに対し「X」アプリへアップデートするように通知。,"XがTwitter for Macユーザーに対し「X」アプリへアップデートするように通知しています。詳細は以下から。 　X Corp(旧Twitter)は現地時間2024年08月01日、公式Xクライアント「X for […]
The post X、Twitter for Macユーザーに対し「X」アプリへアップデートするように通知。 first appeared on AAPL Ch..",https://applech2.com/archives/20240801-rip-twitter-for-mac.html,https://applech2.com/wp-content/uploads/2024/08/Goodbye-Twitter-for-Mac-Hero.jpg,2024-08-01T10:11:27Z,"XTwitter for MacX
X Corp(Twitter)20240801XX for iPhone/iPad v10.52XApple Silicon MacTwitterTwitter for MacMac App Store
X for iPhone/iPadMac
X CorpTwitter for MacX
X
Twitter for Mac
Twitter for… [+149 chars]"
"{'id': None, 'name': 'Yahoo Entertainment'}",鉅亨網編譯陳韋廷,小米訂單遽降七成、獨立董事紛走人 富士康印度子公司Bharat擬關1工廠,蘋果 (AAPL-US) iPhone 16 系列新機下半年即將問世，鴻海 (,https://tw.stock.yahoo.com/news/%E5%B0%8F%E7%B1%B3%E8%A8%82%E5%96%AE%E9%81%BD%E9%99%8D%E4%B8%83%E6%88%90-%E7%8D%A8%E7%AB%8B%E8%91%A3%E4%BA%8B%E7%B4%9B%E8%B5%B0%E4%BA%BA-%E5%AF%8C%E5%A3%AB%E5%BA%B7%E5%8D%B0%E5%BA%A6%E5%AD%90%E5%85%AC%E5%8F%B8bharat%E6%93%AC%E9%97%9C1%E5%B7%A5%E5%BB%A0-025219978.html,https://media.zenfs.com/ca/cnyes.com.tw/d4d59484fb843d974b6e63fc5389719b,2024-07-08T18:52:19Z,"(AAPL-US) iPhone 16 (2317-TW) iPhone Bharat FIH Siri 7 
Bharat FIH InterGlobe Aviation Venkataramani Sumantran Sify Technologies Ramaraj R IT Aruna Sundararajan Bharat FIH Dipali Hemant Sheth 
 iPh… [+92 chars]"
"{'id': None, 'name': 'Applech2.com'}",applech2,"米Anker、古いiPhoneやAirPods向けにLightningケーブルとコンセントを一体型化したモバイルバッテリー「Anker Power Bank (30W, Fusion, Built-In Lightning Cable)」を発売。","米Ankerが古いiPhoneやAirPods向けにLightningケーブルとコンセントを一体型化したモバイルバッテリー「Anker Power Bank (30W, Fusion, Built-In Lightni […]
The post 米Anker、古いiPhoneやAirPods向けにLightningケーブルとコンセントを一体型化したモバイルバッテリー「Anker Power Bank (30W, Fusion, Built-In Lightning Cable)」を発売。 first appear…",https://applech2.com/archives/20240715-anker-power-bank-30w-fusion-built-in-lightning-cable.html,https://applech2.com/wp-content/uploads/2024/07/Anker-Power-Bank-30W-Fusion-Built-In-Lightning-Cable-Hero.jpg,2024-07-15T06:01:19Z,"AnkeriPhoneAirPodsLightningAnker Power Bank (30W, Fusion, Built-In Lightning Cable)
Anker Japan202403USBFusionUSB-C3-in-1Anker Power Bank (30W, Fusion, Built-In USB-C ) (A1636)AnkeriPhone 14iPhoneAi… [+710 chars]"
"{'id': None, 'name': 'Applech2.com'}",applech2,AmazonでMac Pro (2019/2023)対応のキャスター「Apple Mac Pro Wheels Kit」と「Feet Kit」がプライム会員限定で50%OFFに。,"AmazonでMac Pro (2019/2023)対応のキャスター「Apple Mac Pro Wheels Kit」と「Feet Kit」がプライム会員限定で50%OFFセールが開催されています。詳細は以下から。 […]
The post AmazonでMac Pro (2019/2023)対応のキャスター「Apple Mac Pro Wheels Kit」と「Feet Kit」がプライム会員限定で50%OFFに。 first appeared on AAPL Ch..",https://applech2.com/archives/20240716-apple-mac-pro-wheels-kit-sale.html,https://applech2.com/wp-content/uploads/2024/07/Apple-Mac-Pro-Wheels-Kit-fire-sale-Hero.jpg,2024-07-16T08:52:09Z,"AmazonMac Pro (2019/2023)Apple Mac Pro Wheels KitFeet Kit50%OFF
Amazon Japan2024071617(?)AppleMac Pro (2019)Apple M2 Max/UltraMac Pro (2023)50%OFF
50%OFFMac Pro (2019/2023)()Apple Mac Pro Wheels Ki… [+116 chars]"
"{'id': None, 'name': 'Applech2.com'}",applech2,Apple、最新のmacOS 14 SonomaやiOS 17、VisionOSで「FUJIFILM GFX 100 II」や「Nikon Z f」、「Sony Alpha ILCE-6700」などのRAWフォーマットをネイティブサポート。,"Apple、最新のmacOS 14 SonomaやiOS 17、VisionOSで「FUJIFILM GFX 100 II」や「Nikon Z f」、「Sony Alpha ILCE-6700」などのRAWフォーマット […]
The post Apple、最新のmacOS 14 SonomaやiOS 17、VisionOSで「FUJIFILM GFX 100 II」や「Nikon Z f」、「Sony Alpha ILCE-6700」などのRAWフォーマットをネイティブサポート。 first appeared …",https://applech2.com/archives/20240711-macos14-sonoma-ios17-visionos-camera-raw-update.html,https://applech2.com/wp-content/uploads/2024/07/macos14-sonoma-ios17-visionos-camera-raw-update-July-09-2024-Hero.jpg,2024-07-11T02:33:52Z,"ApplemacOS 14 SonomaiOS 17VisionOSFUJIFILM GFX 100 IINikon Z fSony Alpha ILCE-6700RAW
Apple20240709ApplemacOSiOS/iPadOSRAW0709macOS 14 SonomaiOS/iPadOS 17visionOSRAW
This list is current as of 9 Ju… [+1008 chars]"
"{'id': None, 'name': 'Applech2.com'}",applech2,最新のmacOS 15 Sequoia Beta 3とParallels Desktop v19 for Macで、macOS 15仮想マシン内でのiCloudサインインが可能に。,"最新のmacOS 15 Sequoia Beta 3とParallels Desktop v19 for Macで、macOS 15仮想マシン内でのiCloud/AppleIDサインインが可能になったそうです。詳細は以 […]
The post 最新のmacOS 15 Sequoia Beta 3とParallels Desktop v19 for Macで、macOS 15仮想マシン内でのiCloudサインインが可能に。 first appeared on AAPL Ch..",https://applech2.com/archives/20240712-macos-15-sequoia-beta-3-support-sign-in-icloud.html,https://applech2.com/wp-content/uploads/2024/07/macOS-15-Sequoia-Beta-3-support-sign-in-iCloud-Hero.jpg,2024-07-12T04:11:52Z,"macOS 15 Sequoia Beta 3Parallels Desktop v19 for MacmacOS 15iCloud/AppleID
Alludo(Corel)Parallels International GmbH.20240711IntelApple Silicon MacWindowsLinux, macOSParallels Desktop v19 for MacApp… [+649 chars]"
"{'id': None, 'name': 'Applech2.com'}",applech2,Markdownでプレゼンテーションスライドが作成できるMac/iPhoneアプリ「Deckset」がMermaid.jsをサポートしコードブロックでのグラフ作成が可能に。,"Markdownでプレゼンテーションスライドが作成できるMac/iPhoneアプリ「Deckset」がMermaid.jsをサポートしコードブロックでのグラフ表示が可能になっています。詳細は以下から。 　Markdow […]
The post Markdownでプレゼンテーションスライドが作成できるMac/iPhoneアプリ「Deckset」がMermaid.jsをサポートしコードブロックでのグラフ作成が可能に。 first appeared on AAPL Ch..",https://applech2.com/archives/20240720-deckset-for-mac-support-markdown-graphs.html,https://applech2.com/wp-content/uploads/2024/07/Deckset-for-Mac-and-iOS-support-mermaid-Graph-Hero.jpg,2024-07-20T01:38:12Z,"MarkdownMac/iPhoneDecksetMermaid.js
Markdown(.md)DecksetProDud Pawe Dudek20240717Deckset for Macv2.0.33for iPhone/iPadv1.0.13JavaScriptmermaid.jsDeckset
New: mermaid.js graph support  Deckset now s… [+817 chars]"
"{'id': None, 'name': 'Applech2.com'}",applech2,Apple、RTKitのゼロデイ脆弱性やcurlなどの複数の脆弱性を修正した「macOS 12.7.6 Monterey」や「macOS 13.6.8 Ventura」、「Safari 17.6」をリリース。,"Apple、RTKitのゼロデイ脆弱性やcurlなどの複数の脆弱性を修正した「macOS 12.7.6 Monterey」や「macOS 13.6.8 Ventura」、「Safari 17.6」をリリースしています。 […]
The post Apple、RTKitのゼロデイ脆弱性やcurlなどの複数の脆弱性を修正した「macOS 12.7.6 Monterey」や「macOS 13.6.8 Ventura」、「Safari 17.6」をリリース。 first appeared on AAPL Ch..",https://applech2.com/archives/20240730-macos-12-7-6-monterey-and-macos-13-6-8-ventura-security-update.html,https://applech2.com/wp-content/uploads/2024/07/Apple-July-2024-update-Hero.jpg,2024-07-30T00:38:07Z,"AppleRTKitcurlmacOS 12.7.6 MontereymacOS 13.6.8 VenturaSafari 17.6
Apple20240729Apple M3MacBook Pro (14)2macOS 14.6 Sonoma (23G80)
macOS 14.6 Sonoma (23G80)
macOS VenturaMontereymacOS 12.7.6 Monte… [+351 chars]"
"{'id': None, 'name': 'Benzinga'}",Ananthu C U,"Apple Logs Record-Breaking Revenue In India, Boosted By Mac Sales",This story was first published on the Benzinga India portal.,https://www.benzinga.com/markets/asia/24/08/40123999/apple-logs-record-breaking-revenue-in-india-boosted-by-mac-sales,https://cdn.benzinga.com/files/images/story/2024/08/02/sumudu-mohottige-bigpii04uig-unsplash.jpg?width=1200&height=800&fit=crop,2024-08-02T10:39:13Z,"This story was first published on the Benzinga India portal.
Apple Inc. AAPL has established a new revenue milestone in India, with Mac sales reaching unprecedented heights, the company said in its … [+1223 chars]"
"{'id': None, 'name': 'Yahoo Entertainment'}",Anusuya Lahiri,"Apple's Multi-Year iPhone Upgrade Cycle and AI Features To Drive Upside, Analysts Say",Goldman Sachs analyst Rod Hall maintained Apple Inc (NASDAQ:AAPL) with a Buy and raised the price target from $265 to $275. The analyst said Apple should be ...,https://finance.yahoo.com/news/apples-multi-iphone-upgrade-cycle-172953511.html,https://media.zenfs.com/en/Benzinga/10ea92996409e0508f81a0a714edaccf,2024-08-02T17:29:53Z,"Apple's Multi-Year iPhone Upgrade Cycle and AI Features To Drive Upside, Analysts Say
Goldman Sachs analyst Rod Hall maintained Apple Inc (NASDAQ:AAPL) with a Buy and raised the price target from $2… [+5568 chars]"
"{'id': None, 'name': 'Applech2.com'}",applech2,Microsoft、プレゼンテーションを最大4K解像度のビデオへエクスポートする機能を追加した「PowerPoint for Mac v16.87」をリリース。,"Microsoftがプレゼンテーションを最大4K解像度のビデオへエクスポートする機能を追加した「PowerPoint for Mac v16.87」をリリースしています。詳細は以下から。 　Microsoftは現地時間 […]
The post Microsoft、プレゼンテーションを最大4K解像度のビデオへエクスポートする機能を追加した「PowerPoint for Mac v16.87」をリリース。 first appeared on AAPL Ch..",https://applech2.com/archives/20240717-powerpoint-for-mac-export-4k-video.html,https://applech2.com/wp-content/uploads/2024/07/PowerPoint-for-Mac-support-4K-video-export-features-1.jpg,2024-07-16T19:29:18Z,"Microsoft4KPowerPoint for Mac v16.87
Microsoft20240716MacOffice/Microsoft 365PowerPoint for Mac v16.874K
4K : 4K 
PowerPoint for MacPDFJPEGTIFFPNGGIFBMP(.rtf)MP4MOVMP4MOV3840×2160Ultra HD(4K)
MP4… [+49 chars]"
"{'id': None, 'name': 'Applech2.com'}",applech2,iPhoneやiPad、Vision Pro上で仮想マシンを実行できる「UTM SE」がリリース。AppleがApp Storeでの配信を許可。,"iPhoneやiPad、Vision Pro上で仮想マシンを実行できる「UTM SE」がApp Storeでリリースされています。詳細は以下から。 　CPUエミュレータQuick Emulator(QEMU)を利用し、 […]
The post iPhoneやiPad、Vision Pro上で仮想マシンを実行できる「UTM SE」がリリース。AppleがApp Storeでの配信を許可。 first appeared on AAPL Ch..",https://applech2.com/archives/20240714-utm-se-retro-pc-emulator-for-ios-and-visionos.html,https://applech2.com/wp-content/uploads/2024/07/UTM-SE-Retro-PC-emulator-for-iPhone-and-iPad-Hero.jpg,2024-07-14T05:05:15Z,"iPhoneiPadVision ProUTM SEApp Store
CPUQuick Emulator(QEMU)Macx86_64ARM64RISC-VUTMTuring Software, LLCosy20240713iPhoneiPadVision Pro/UTM SE: Retro PC emulatorAppleApp Store
UTM SE is a PC emulator… [+654 chars]"
"{'id': None, 'name': 'Applech2.com'}",applech2,AppleのMagic Mouseを裏返さずに充電できるケーブルマネージメント付きのシリコン製充電ドック「Nova Cable Management Compatible with Magic Mouse」が発売。,"AppleのMagic Mouseを裏返さずに充電できるケーブルマネージメント機能付き充電ドック「Nova Cable Management Compatible with Magic Mouse」が発売されています。 […]
The post AppleのMagic Mouseを裏返さずに充電できるケーブルマネージメント付きのシリコン製充電ドック「Nova Cable Management Compatible with Magic Mouse」が発売。 first appeared on AAPL Ch..",https://applech2.com/archives/20240705-nova-cable-management-compatible-with-magic-mouse.html,https://applech2.com/wp-content/uploads/2024/07/Nova-Cable-Management-Compatible-with-Magic-Mouse-Hero.jpg,2024-07-04T21:26:29Z,"AppleMagic MouseNova Cable Management Compatible with Magic Mouse
AppleMulti-TouchMagic Mouse (2)LightningAscronoROUNKINMagic Mouse/
Magic Mouse/
UNIQMagic MouseNova Cable Management Compatible wi… [+252 chars]"
"{'id': None, 'name': 'Applech2.com'}",applech2,カスタマイズ可能な15個のLCDボタンを備えたショートカットキーボード「Elgato Stream Deck MK.2」のアトミックパープルモデルが数量限定で発売。,"カスタマイズ可能な15個のLCDボタンを備えたElgatoのショートカットキーボード「Stream Deck MK.2」のアトミックパープルモデルが数量限定で発売されています。詳細は以下から。 　SB C&S […]
The post カスタマイズ可能な15個のLCDボタンを備えたショートカットキーボード「Elgato Stream Deck MK.2」のアトミックパープルモデルが数量限定で発売。 first appeared on AAPL Ch..",https://applech2.com/archives/20240709-elgato-stream-deck-mk-2-atomic-purple.html,https://applech2.com/wp-content/uploads/2024/07/Elgato-Stream-Deck-MK2-Atomic-Purple-Hero.jpg,2024-07-08T22:12:16Z,"15LCDElgatoStream Deck MK.2
SB C&amp;S20240708CORSAIR Inc.Elgato202115LCDStream Deck MK.2
SB C&amp;S CORSAIR Inc.CEOAndy PaulElgatoStream Deck MK.2 Amazon 2024 7 8 
ElgatoStream Deck MK.2Amazon – … [+323 chars]"
"{'id': None, 'name': 'Applech2.com'}",applech2,Amazonのプライムデー先行セールでiPhone 14 PlusやAirPods Pro/Max、旧iPad Air/Pro、Magic Mouse、Apple Pencil、AirTagなどが特別価格で販売中。,"Amazonのプライムデー先行セールでiPhone 14 PlusやAirPods Pro/Max、旧iPad Air/Pro、Magic Mouse、Apple Pencil、AirTagなどが特別価格で販売されてい […]
The post Amazonのプライムデー先行セールでiPhone 14 PlusやAirPods Pro/Max、旧iPad Air/Pro、Magic Mouse、Apple Pencil、AirTagなどが特別価格で販売中。 first appeared on AAPL Ch..",https://applech2.com/archives/20240711-amazon-prime-day-apple-sale.html,https://applech2.com/wp-content/uploads/2024/07/Amazon-Prime-Day-Apple-Sale-2024.jpg,2024-07-10T18:44:45Z,"AmazoniPhone 14 PlusAirPods Pro/MaxiPad Air/ProMagic MouseApple PencilAirTag
Amazon Japan20240716(Prime Day)iPhone 14 PlusAirPodsiPadMagic MouseApple PencilBeatsApple
Amazon Mastercard15%Amazon
iP… [+1194 chars]"
"{'id': None, 'name': 'Applech2.com'}",applech2,Amazonプライムデーセールで、CalDigitのThunderbolt 4対応のTS4 DockやElement Hub、USB-C SOHO Dockなどが特別価格で販売中。,"Amazonプライムデーセールで、CalDigitのThunderbolt 4対応のTS4 DockやElement Hub、USB-C SOHO Dockなどが特別価格で販売されています。詳細は以下から。 　Amaz […]
The post Amazonプライムデーセールで、CalDigitのThunderbolt 4対応のTS4 DockやElement Hub、USB-C SOHO Dockなどが特別価格で販売中。 first appeared on AAPL Ch..",https://applech2.com/archives/20240717-amazon-prime-sale-caldigit.html,https://applech2.com/wp-content/uploads/2024/07/Amazon-Prime-Sale-CalDigit-Hero.jpg,2024-07-16T21:01:20Z,"AmazonCalDigitThunderbolt 4TS4 DockElement HubUSB-C SOHO Dock
Amazon Japan202407172359Amazon Prime DayCalDigitThunderbolt 3TS3 PlusThunderbolt 4TS4 Dock
CalDigit TS4 Dock
Thunderbolt 44Thunderbolt… [+756 chars]"
"{'id': None, 'name': 'Forbes'}","Catherine Brock, Contributor, 
 Catherine Brock, Contributor
 https://www.forbes.com/sites/wealth-planning-insights/people/catherinebrock/",Microsoft Vs. Apple Vs. Google: Which AI Stock Is A Buy Ahead Of Earnings?,"Microsoft, Apple, and Google report earnings soon. We review which AI stock is a potential buy ahead of these upcoming earnings.",https://www.forbes.com/sites/investor-hub/article/microsoft-apple-google-which-ai-stock-buy-earnings/,https://imageio.forbes.com/specials-images/imageserve/66952d104f72dd14b8c34f73/0x0.jpg?format=jpg&height=900&width=1600&fit=bounds,2024-07-15T14:45:55Z,"Getty Images
Earnings season is nearly here, and investors are eager to learn how the big tech stocks are monetizing their artificial intelligence investments. Three prominent players with major AI … [+13513 chars]"
"{'id': 'cnn', 'name': 'CNN'}",Krystal Hur,Tech stocks dive after report that Biden administration plans to crack down on China chipmakers,Tech shares slumped Wednesday as investors shed the behemoths that fueled Wall Street’s monster stock rally this year.,https://www.cnn.com/2024/07/17/markets/us-markets-selloff/index.html,"https://media.cnn.com/api/v1/images/stellar/prod/gettyimages-2158123365-copy.jpg?c=16x9&q=w_800,c_fill",2024-07-17T16:28:41Z,"Tech shares slumped Wednesday as investors shed the behemoths that fueled Wall Streets monster stock rally this year.
The Nasdaq Composite index tumbled 2.7% and the S&amp;P 500 lost 1.3%. The Dow r… [+1183 chars]"
"{'id': None, 'name': 'Yahoo Entertainment'}",Derek Lewis,Mag 7 Earnings Loom: A Closer Look,"Next week is perhaps the most important week of the entire Q2 cycle, with several Mag 7 members slated to report quarterly results. Can we expect another...",https://finance.yahoo.com/news/mag-7-earnings-loom-closer-230900841.html,https://media.zenfs.com/en/zacks.com/9c2d59e61c051e05ce1cae6d0db95ab5,2024-07-26T23:09:00Z,"The 2024 Q2 earnings season continues to roll on, with next weeks reporting docket stacked with many notable names. The period has remained positive so far, with the big banks results not causing any… [+4621 chars]"
"{'id': None, 'name': 'Yahoo Entertainment'}",Julie Hyman,Intel needs 'a lot of things' to play in their favor in restructuring bid: Analyst,"Intel (INTC) shares cratered after a dismal Q2 earnings report, in addition to announcing layoffs and that it was suspending its dividend.  Creative...",https://finance.yahoo.com/video/intel-needs-lot-things-play-224846113.html,https://s.yimg.com/ny/api/res/1.2/mOwixfYaqo9tqScWtr0oJw--/YXBwaWQ9aGlnaGxhbmRlcjt3PTEyMDA7aD02NzQ-/https://s.yimg.com/os/creatr-uploaded-images/2024-08/5aea4d50-5121-11ef-bb5d-ce929a9ff66f,2024-08-02T22:48:46Z,"Intel (INTC) shares cratered after a dismal Q2 earnings report, in addition to announcing layoffs and that it was suspending its dividend.
Creative Strategies CEO and Principal Analyst Ben Bajarin n… [+773 chars]"
"{'id': None, 'name': 'Applech2.com'}",applech2,最大4つのハッシュタグを含むハッシュタグリストをサポートしたmacOS/iOS対応のMastdonクライアント「Ivory for Mastodon v2.0」がリリース。,"最大4つのハッシュタグでのリストをサポートしたmacOS/iOS対応のMastdonクライアント「Ivory for Mastodon v2.0」がリリースされています。詳細は以下から。 　旧Twitterクライアント […]
The post 最大4つのハッシュタグを含むハッシュタグリストをサポートしたmacOS/iOS対応のMastdonクライアント「Ivory for Mastodon v2.0」がリリース。 first appeared on AAPL Ch..",https://applech2.com/archives/20240708-ivory-for-mastodon-v2.html,https://applech2.com/wp-content/uploads/2024/07/Ivory-for-Mastodon-v2-for-Mac-and-iPhone-Hero.jpg,2024-07-08T09:49:04Z,"4macOS/iOSMastdonIvory for Mastodon v2.0
TwitterTweetbotTapbots20240707X(Twitter)MaciPhone/iPadMastdonIvory for MastodonIvory for Mastodon v2.0
Ivory is a brand new app that brings over a dozen yea… [+1589 chars]"
"{'id': None, 'name': 'Applech2.com'}",applech2,"Anker Japan、ストラップとしても使えるUSB-Cケーブルが付属したコンパクトサイズのモバイルバッテリー「Anker Power Bank (10000mAh, 22.5W)」のホワイトとパープルカラーを発売。","Anker Japanがストラップとしても使えるUSB-Cケーブルが付属したモバイルバッテリー「Anker Power Bank (10000mAh, 22.5W)」のホワイトとパープルカラーを発売しています。詳細は以 […]
The post Anker Japan、ストラップとしても使えるUSB-Cケーブルが付属したコンパクトサイズのモバイルバッテリー「Anker Power Bank (10000mAh, 22.5W)」のホワイトとパープルカラーを発売。 first appeared on AAPL Ch..",https://applech2.com/archives/20240711-anker-japan-power-bank-10kmah-22-5w-new-colors.html,https://applech2.com/wp-content/uploads/2024/07/Anker-Power-Bank-10K-22-5W-colors-Hero.jpg,2024-07-10T19:26:51Z,"Anker JapanUSB-CAnker Power Bank (10000mAh, 22.5W)
Anker Japan2024052016Amazon20181AnkerUSBAnker PowerCore 10000Anker Power Bank (10000mAh, 22.5W) (A1257)
Anker Power Bank (10000mAh, 22.5W)116mm*iP… [+153 chars]"
"{'id': None, 'name': 'Applech2.com'}",applech2,Amazonのプライムデー先行セールで、SpigenのiMac G3デザインiPhone 15 Pro用ケースやmacOSのフォルダデザインのMagSafeカードケース、Mac Studi用スタンドが特選タイムセール中。,"Amazonのプライムデー先行セールで、iMac G3をイメージしたSpigenの「Classic C1 MagFit」ケースや、macOSのフォルダデザインのMagSafeカードケース、Mac Studi用スタンドが […]
The post Amazonのプライムデー先行セールで、SpigenのiMac G3デザインiPhone 15 Pro用ケースやmacOSのフォルダデザインのMagSafeカードケース、Mac Studi用スタンドが特選タイムセール中。 first appeared on AAPL Ch…",https://applech2.com/archives/20240713-amazon-prime-sale-spigen.html,https://applech2.com/wp-content/uploads/2024/07/Amazon-Prime-Sale-Spigen.jpg,2024-07-13T01:23:49Z,"AmazoniMac G3SpigenClassic C1 MagFitmacOSMagSafeMac Studi
Amazon Japan20240716Amazon Prime DaySpigenMacBook ProiPad
iPhone 15 Pro Classic C1 MagFit
iMac G3MagSafeiPhone 15 ProClassic C1 MagFitmacO… [+712 chars]"
"{'id': None, 'name': 'Applech2.com'}",applech2,Apple、重要なバグ修正とセキュリティアップデートを含んだ「iOS 17.6」と「iPadOS 17.6」を正式にリリース。,"Appleが重要なバグ修正とセキュリティアップデートを含んだ「iOS 17.6」と「iPadOS 17.6」を正式にリリースしています。詳細は以下から。 　Appleは現地時間2024年07月29日、iPhone XS […]
The post Apple、重要なバグ修正とセキュリティアップデートを含んだ「iOS 17.6」と「iPadOS 17.6」を正式にリリース。 first appeared on AAPL Ch..",https://applech2.com/archives/20240730-ios-17-6-now-available.html,https://applech2.com/wp-content/uploads/2024/07/iOS-17-6-update-now-available.jpg,2024-07-29T21:09:51Z,"AppleiOS 17.6iPadOS 17.6
Apple20240729iPhone XSiPhoneiPad (6)iPadiOS 17.6 (21G80)iPadOS 17.6 (21G80)
iOS/iPadOS 17.6 (21G80)
AppleAVFoundationMarketplaceKitiPhone/iPad"
"{'id': None, 'name': 'Applech2.com'}",applech2,Reincubate、Vision Proを利用しYouTubeやTwitchへの配信、Camoカメラとの連係が可能なライブ配信/キャプチャアプリ「Camo Studio for Apple Vision」をリリース。,"ReincubateがVision Proを利用しYouTubeやTwitchへの配信、Camoカメラとの連係が可能なライブ配信/キャプチャアプリ「Camo Studio for Apple Vision」をリリースし […]
The post Reincubate、Vision Proを利用しYouTubeやTwitchへの配信、Camoカメラとの連係が可能なライブ配信/キャプチャアプリ「Camo Studio for Apple Vision」をリリース。 first appeared on AAPL Ch..",https://applech2.com/archives/20240729-camo-studio-for-apple-vision-now-available.html,https://applech2.com/wp-content/uploads/2024/07/Camo-Studio-for-Apple-Vision-features-1.jpg,2024-07-29T08:16:23Z,"ReincubateVision ProYouTubeTwitchCamo/Camo Studio for Apple Vision
Reincubate20240723Apple Design Awards 2023Camo Studio for MacVision ProCamo Studio for Apple Vision
Camo Studio for Apple Vision V… [+292 chars]"
"{'id': None, 'name': 'Applech2.com'}",applech2,SoundcoreセールAmazonサマーセールでSoundcoreの完全ワイヤレスイヤホンやヘッドホン、スピーカーなどが特選タイムセール中。,"AmazonサマーセールでSoundcoreの完全ワイヤレスイヤホンやヘッドホン、スピーカーなどが特選タイムセールとなっています。詳細は以下から。 　Amazon Japanは日本時間2024年08月01日から10日ま […]
The post SoundcoreセールAmazonサマーセールでSoundcoreの完全ワイヤレスイヤホンやヘッドホン、スピーカーなどが特選タイムセール中。 first appeared on AAPL Ch..",https://applech2.com/archives/20240803-amazon-summer-sale-soundcore.html,https://applech2.com/wp-content/uploads/2024/08/Amazon-Soundcore-Summer-Sale-2024-Hero.jpg,2024-08-02T23:31:55Z,"AmazonSoundcore
Amazon Japan2024080110AmazonAnkerSoundcore
Soundcore VR P10 14,990 10,990
Bluetooth LC3USB-C2.4GHz
Soundcore Life P2 Mini 4,490 3,890
Soundcore Life P24.4g
Soundcore Life A3i 6,… [+600 chars]"
"{'id': None, 'name': 'Applech2.com'}",applech2,macOSインストーラーのダウンロードや管理、イメージ作成が可能な「Mist」アプリがmacOS 15 Sequoiaを初期サポート。,"macOSインストーラーのダウンロードや管理、イメージ作成が可能な「Mist」アプリがmacOS 15 Sequoiaを初期サポートしています。詳細は以下から。 　Mist(MacOS Installer Super […]
The post macOSインストーラーのダウンロードや管理、イメージ作成が可能な「Mist」アプリがmacOS 15 Sequoiaを初期サポート。 first appeared on AAPL Ch..",https://applech2.com/archives/20240715-mist-mac-installer-support-macos-15-sequoia.html,https://applech2.com/wp-content/uploads/2024/07/Mist-for-macOS-15-Sequoia-Hero.jpg,2024-07-14T23:40:55Z,"macOSMistmacOS 15 Sequoia
Mist(MacOS Installer Super Tool)DropboxNindi GillmacOS/MistMist v0.20macOS 15 Sequoia
Added preliminary support for macOS Sequoia 15
Mist v0.20ApplemacOS 15 Sequoia*Paral… [+424 chars]"
"{'id': None, 'name': 'Applech2.com'}",applech2,macOS 15 Sequoiaを初期サポートした多機能ユーティリティ「OnyX v4.6.5」のBeta版がリリース。,"macOS 15 Sequoiaを初期サポートした多機能ユーティリティ「OnyX v4.6.5」のBeta版がリリースされています。詳細は以下から。 　フランスのTitanium Softwareは現地時間2024年0 […]
The post macOS 15 Sequoiaを初期サポートした多機能ユーティリティ「OnyX v4.6.5」のBeta版がリリース。 first appeared on AAPL Ch..",https://applech2.com/archives/20240724-onyx-v4-6-5-for-macos-15-sequoia.html,https://applech2.com/wp-content/uploads/2024/07/OnyX-465-for-macOS-15-Sequoia-features-1.jpg,2024-07-24T02:09:54Z,"macOS 15 SequoiaOnyX v4.6.5Beta
Titanium Software2024073AppleBeta Software ProgrammacOS 15 SequoiaOnyX 4.6.5Beta
OnyX 4.6.5 for macOS Sequoia 15will be available some days after Apple releases the … [+279 chars]"
"{'id': None, 'name': 'Applech2.com'}",applech2,Macの入力デバイス・カスタマイズツール「BetterTouchTool」でMacのメニューバーアイテム管理機能がBetaテスト中。,"Macの入力デバイス・カスタマイズツール「BetterTouchTool」でMacのメニューバーアイテム管理機能がBetaテストされています。詳細は以下から。 　Macに接続したキーボードやマウスなどの入力デバイスをト […]
The post Macの入力デバイス・カスタマイズツール「BetterTouchTool」でMacのメニューバーアイテム管理機能がBetaテスト中。 first appeared on AAPL Ch..",https://applech2.com/archives/20240716-bettertouchtool-manage-menubar-items.html,https://applech2.com/wp-content/uploads/2024/07/BetterTouchTool-Manage-Menubar-Status-Items-Hero.jpg,2024-07-16T04:10:39Z,"MacBetterTouchToolMacBeta
MacBetterTouchTool (BTT)folivora.aiAndreas Hegenberg20240709BTT v4.615BetaMac
BETA/Work in Progress Feature: Manage menubar status items via BTT. Hide unused items and/or … [+393 chars]"
"{'id': None, 'name': 'Applech2.com'}",applech2,最新のXcode 16 Beta 4では8GB RAMのApple Silicon MacでもPredictive Code Completionが利用可能に。,"最新のXcode 16 Beta 4では8GB RAMのApple Silicon MacでもPredictive Code Completionが利用可能になったそうです。詳細は以下から。 　Appleは現地時間20 […]
The post 最新のXcode 16 Beta 4では8GB RAMのApple Silicon MacでもPredictive Code Completionが利用可能に。 first appeared on AAPL Ch..",https://applech2.com/archives/20240726-xcode-16-support-8gm-ram-apple-silicon-mac.html,https://applech2.com/wp-content/uploads/2024/07/Xcode-16-Beta-support-Predictive-Code-Completion-on-8GB-Apple-Silicon-Mac.jpg,2024-07-25T22:29:39Z,"Xcode 16 Beta 48GB RAMApple Silicon MacPredictive Code Completion
Apple20240723WWDC24macOS 15 SequoiaiOS 18/iPadOS 18tvOS 18visionOS 2watchOS 11Xcode 16Beta 4
<ul><li>Xcode 16 beta 4 (16A5211f)</li… [+731 chars]"
"{'id': None, 'name': 'Cnblogs.com'}",数量技术宅,横截面交易策略：概念与示例 - 数量技术宅,更多精彩内容，欢迎关注公众号：数量技术宅，也可添加技术宅个人微信号：sljsz01，与我交流。 什么是横截面策略 横截面交易策略（Cross-Sectional Trading Strategy）是一种金融市场上的交易策略，它是基于不同资产之间的相对价值或其他因子的差异来进行投资决策。这种策略的核心,https://www.cnblogs.com/sljsz/p/18287170,,2024-07-06T05:14:00Z,"sljsz01
Cross-Sectional Trading Strategy
<ol><li></li><li></li><li></li><li></li><li></li></ol><ol><li></li><li></li><li></li><li></li><li></li><li></li><li></li><li></li><li></li></ol>PythonPandas… [+2574 chars]"
"{'id': None, 'name': 'Cult of Mac'}",Ed Hardy,Apple likely had a gangbuster spring quarter,"Get ready for Apple's Q3 2024 financial results and expected revenue jump. Investors are excited about the potential for AI.
(via Cult of Mac - Apple news, rumors, reviews and how-tos)",https://www.cultofmac.com/864250/apple-apple-q3-2024-results-predictions/,https://www.cultofmac.com/wp-content/uploads/2024/07/Apple-Financial-Results-Money.jpg,2024-07-31T18:50:16Z,Analysts predict Apple will announce a jump in revenue when it reveals the financial results for the June quarter on Thursday. The iPhone-maker has reported very few revenue increases in the past 18 … [+2944 chars]
"{'id': None, 'name': ""Investor's Business Daily""}",Investor's Business Daily,"Dow Jones Futures Rise After Trump Assassination Attempt; Apple, Nvidia, Tesla, Trump Media Rally","Apple, Nvidia, Tesla and Trump Media rallied sharply Monday morning.",https://www.investors.com/market-trend/stock-market-today/dow-jones-sp500-nasdaq-trump-assassination-attempt-apple-nvidia-tesla-stock/,https://www.investors.com/wp-content/uploads/2019/10/stock-wall-street-flags-adobe.jpg,2024-07-15T12:12:03Z,"Dow Jones futures and the other major indexes rallied Monday after Saturday's assassination attempt on former President Donald Trump. Four early winners on the stock market today were Apple (AAPL), N… [+6043 chars]"
